subject_code,subject_name
TH21101,Thai Language
ท21101,ภาษาไทยพื้นฐาน
ค21101,คณิตศาสตร์พื้นฐาน
ว21101,วิทยาศาสตร์พื้นฐาน
ส21101,สังคมศึกษา
ส21102,ประวัติศาสตร์
พ21101,สุขศึกษา
พ21103,สุขศึกษา
ศ21102,ดนตรีสากล
ศ21104,นาฏศิลป์
ง21102,เทคโนโลยีสารสนเทศฯ
อ21101,ภาษาอังกฤษพื้นฐาน
ค21201,คณิตศาสตร์เพิ่มเติม
ว21213,ของเล่นวิทยาศาสตร์
อ21203,ภาษาอังกฤษอ่าน-เขียน
จ21203,ภาษาจีน
ส21231,หน้าที่พลเมืองฯ1
MA21101*,Basic Mathematics
SC21101*,Basic Science
SO21101,Social Studies
SO21102,Thai History
HE21101,Health Education
HE21103,Gymnastics
AR21102,International Music
AR21104,Thai  Traditional
อ21101*,Basic English
MA21201,Intensive Mathematic
SC21213,Scientific Toys
อ21205*,Artsy English
อ21207,Introduction Phoneti
CH21204*,Chinese
SO21231,Civil Studies1
ท21205,เสริมทักษะภาษาไทย1
ส21202,ท้องถิ่นของเรา
ท22101,ภาษาไทยพื้นฐาน
ค22101,คณิตศาสตร์พื้นฐาน
ว22101,วิทยาศาสตร์พื้นฐาน
ส22101,สังคมศึกษา
ส22102,ประวัติศาสตร์
พ22101,สุขศึกษา
พ22102,กรีฑา
ศ22101,ทัศนศิลป์
ศ22102,ดนตรีสากล
ง22102,เทศโนโลยีสารสนเทศฯ
อ22101,ภาษาอังกฤษพื้นฐาน
ค22203,คณิตศาสตร์เพิ่มเติม
ว22212,โครงงานวิทย์ 1 MEP
ค20201,คณิตศาสตร์เพิ่มพูน
จ22203,ภาษาจีน
ส22233,หน้าที่พลเมือง3
I20201,การศึกษาค้นคว้าฯ
ท22205,หลักภาษาไทย
ง20206,งานบาติก
ง20207,งานเขียนแบบ
ท23101,ภาษาไทยพื้นฐาน
ค23101,คณิตศาสตร์พื้นฐาน
ว23101,วิทยาศาสตร์พื้นฐาน
ส23101,สังคมศึกษา
ส23102,ประวัติศาสตร์
พ23101,สุขศึกษา
พ23102,บาสเกตบอล
ศ23101,ทัศนศิลป์
ศ23102,ดนตรีสากล
ง23101,การงานอาชีพฯ
ง23102,เทคโนโลยีสารสนเทศ
อ23101,ภาษาอังกฤษพื้นฐาน
ค23201,คณิตศาสตร์เพิ่มเติม
อ23203,อังกฤษเพื่อการนำเสนอ
ว23213,เชื้อเพลิงฯ
จ23205,ภาษาจีน
ส23235,หน้าที่พลเมือง5
อ23201,ภาษาอังกฤษอ่าน-เขียน
ง20212,โครงงานอาชีพ
ง20204,งานประดิษฐ์
ท31101,ภาษาไทยพื้นฐาน
ค31101,คณิตศาสตร์พื้นฐาน
ส31101,สังคมศึกษา
พ31101,สุขศึกษา
ศ30101,ทัศนศิลป์
ง31101,เทคโนโลยีสารสนเทศฯ
อ31101,ภาษาอังกฤษพื้นฐาน
ค31201,คณิตศาสตรเพิ่มเติม
ค30291,คณิตศาสตร์ พสวท
ว30201,ฟิสิกส์
ว30221,เคมี
ว30241,ชีววิทยา
ว30281,เทคนิคปฏิบัติการ1
ว30282,เทคนิคปฏิบัติการ2
ว30285,ระเบียบวิธีวิจัย
พ31201,แฮนด์บอล
อ31201,ภาษาอังกฤษอ่าน-เขียน
จ31201,ภาษาจีน
อ31203,อังกฤษเทคโนโลยี
ส31203,การปกครองของไทย
อ31202,ภาษาอังกฤษรอบรู้
อ31207,ภาษาอังกฤษเสริม
ฝ31201,ภาษาฝรั่งเศส
ท31202,การพูด
ง30208,ห้องสมุดฯ
ง30201,การจัดสวน
ง30202,งานอาหารไทย
ท32101,ภาษาไทยพื้นฐาน
ค32101,คณิตศาสตร์พื้นฐาน
ส32101,สังคมศึกษา
ส32102,ประวัติศาสตร์
พ32101,สุขศึกษา
ศ30104,นาฏศิลป์
ง32101,เทคโนโลยีสารสนเทศฯ
อ32101,ภาษาอักกฤษพื้นฐาน
ค32201,คณิตศาสตร์เพิ่มเติม
ว30203,ฟิสิกส์
ว30223,เคมี
ว30243,ชีววิทยา
ว30291,โครงงานวิทยาศาสตร์2
ค30299,โครงงานคณิตศาสตร์2
ง30299,โครงงานคอมพิวเตอร์2
อ32201,ภาษาอังกฤษอ่าน-เขียน
อ32203,อังกฤษเทคโนโลยี
จ32201,ภาษาจีน
พ32201,วอลเลย์บอล
ส30232,หน้าที่พลเมือง2
I30202,การสื่อสารฯ
อ32202,ภาษาอังกฤษรอบรู้
อ32207,ภาษาอังกฤษเสริม
ฝ32201,ภาษาฝรั่งเศส
ท32202,ประวัติวรรณคดี1
ง30203,การปลูกไม้ดอกฯ
ง30204,งานปักฯ
ท33101,ภาษาไทย
ว30161,โลกดาราศาสตร์ฯ
ส33101,สังคมศึกษา
ส33102,ประวัติศาสตร์
พ33101,สุขศึกษา
ง33101,การงานอาชีพฯ
อ33101,ภาษาอังกฤษพื้นฐาน
ค33201,คณิตศาสตร์เพิ่มเติม
ว30205,ฟิสิกส์
ว30225,เคมี
ว30245,ชีววิทยา
พ33202,ลีลาส
อ33201,ภาษาอังกฤษอ่าน-เขียน
อ33203,อังกฤษเทคโนโลยี
จ33201,ภาษาจีน
ส30234,หน้าที่พลเมือง4
AP,AP Program
ท33201,ภาษากับวัฒนธรรม
อ33202,ภาษาอังกฤษรอบรู้
อ33207,ภาษาอังกฤษเสริม
ฝ33201,ภาษาฝรั่งเศส
ส 33202,กฏหมายเบื้องต้น
ง 30211,การบริการฯ
onet ม.3,onet3
ง20218,งานธุรกิจเพื่ออาชีพ
OT21102,เทคโน mep
ง21101,การงานอาชีพและเทคโน
ง30215,โครงงานอาชีพ
ว30121,เคมี
ท32201,ภาษากับวัฒนธรรม1
ว30101,ฟิสิก์
จ21201,ภาษาจีน
onetม.6,onetม.6
จ23203,ภาษาจีน
จ31203,ภาษาจีน
SC,2
ชุมนม,ENG
อ22203,อังกฏษ วิทย์ คณิต
อ21205,อังกฤษเสริม
EN23203,อังกฤษการนำเสนอ
EN33203,อังกฤษเทคโน
อ22201,อังกฤษ อ่านเขียน
อ21201,อังกฤษอ่านเขียน
ส 22101,สังคมศึกษา
ส 21102,ประวัติศาสตร์
ส33202,กฏหมายเบื้องต้น
ค33202,คณิตศาสตร์เพิ่มเติม
ศ30102,ดนตรีสากล
ศ30207,นาฏศิลป์เพิ่มเติม
ศ21101,ทัศนศิลป์
ศ32104,นาฏศิลป์
ศ23103,ดนตรีไทย
ศ30103,ดนตรีไทย
ศ21103,ดนตรีไทย
ศ22103,ดนตรีไทย
ศ20204,นาฏศิลป์เพิ่มเติม
ศ22204,นาฏศิลป์
ศ22104,นาฏศิลป์
พ31202,กระบี่-กระบอง
พ32202,ศิลปะป้องกันตัว
ชุมนุม,วิทย์
ว33101,วิทยาศาสตร์
ว30242,ชีววิทยา
ว23102,วิทยาศาสตร์พื้นฐาน
ว21102,วิทยาศาสตร์พื้นฐาน
ว30244,ชีววิทยา
ว30208,โลกดาราศาสตร์
SC21102,Basic Science
ว30248,ชีววิทยา
ว30290,โครงงานวิทยาศาสตร์1
ว22102,วิทยาศาสรต์พื้นฐาน
ว30204,ฟิสิกส์
ว30206,ฟิสิกส์
ว30141,ชีววิทยา
ว30229,เคมี
ว30222,เคมี
ว30224,เคมี
ว23214,พลังงานทดแทน
ว21214,ธรรมชาติ
ว30247,ชีววิทยา
ว30202,ฟิสิกส์
ว22213,โครงงานวิทย์2 MEP
I20202,การศึกษาค้นคว้าฯ
ศ23104,นาฏศิลป์
ศ30208,ขับร้องเพลงสากล
ศ30202,ศิลปะเพิ่มเติม
ง22101,การงานอาชีพฯ
ง20213,กราฟฟิคและเทคโนโลยี
ง30219,การแกะสลักผักผลไม้
ง20215,IPST MicroBox
ง20216,การออกแบบเทคโนโลยี
ง30298,โครงงานคอมพิวเตอร์1
ง20211,โครงงานคอมพิวเตอร์
ง30207,การเขียนโปรแกรม
ง30218,โปนแกนมสำนักงาน
ง30209,เขียนรายงานค้นคว้า
ง30221,งานเขียนแบบวิศวกรรม
I30201,IS1
ง20214,การโปรแกรมเบื้องต้น
OT20214,computer program
ค23102,คณิตศาสตร์พื้นฐาน
ค23202,คณิตเพิ่มเติม
ค22204,คณิตเพิ่มเติม
ค22102,คณิตพื้นฐาน
ท. เสริม,ภาษาไทยเสริม
ค33204,คณิตศาสตร์เพิ่มเติม
ส23103,สังคมศึกษา
ส33203,เหตุการณ์ปัจจุบัน
ส33103,สังคมศึกษา
ส33104,ประวัติศาสตร์
ส23104,ประวัติศาสตร์
ส21103,สังคมศึกษา
อ33204,ภาษาอังกฤษอ่าน-เขียน
ฝ32202,ภาษาฝรั่งเศส
อ23102,ภาษาอังกฤษพื้นฐาน
อ32102,ภาษาอังกฤษพื้นฐาน
อ23202,อังกฤษอ่านเขียน
อ23204,อังกฤษเพื่ออาชีพ
อ33206,อังกฤษเทคโนโลยี
อ21208,Young Guide
จ23204,ภาษาจีน
จ31205,ภาษาจีน
ฝ33202,ภาษาฝั่รงเศส
จ32202,ภาษาจีน
จ33202,ภาษาจีน
อ33102,อังกฤษพื้นฐาน
อ32208,อังกฤษฟังพูด
อ33208,อังกฤษฟังพูด
อ32205,อังกฤษรอบรู้
อ22102,อังกฤษพื้นฐาน
จ22206,ภาษาจีน
EN21102,English
ท23102,ภาษาไทยพื้นฐาน
ท32102,ภาษาไทยพื้นฐาน
ท31102,ภาษาไทย
ท33202,ภาษากับวัฒนธรรม
พ33201,แบดมินตัน
ท33102,ภาษาไทย
พ23014,บาสเกตบอล
พ32102,สุขศึกษา
พ23103,สุขศึกษา
พ33102,สุขศึกษา
พ21102,ยืดหยุ่น
พ22103,สุขศึกษา
พ21104,เทเบิลเทนนิส
ว. เสริม,วิทยาศาสตร์เสริม
พ31102,สุขศึกษา
พ22104,กรีฑา
ส31102,สังคมศึกษา
ค32102,คณิตศาสตร์พื้นฐาน
ค30292,คณิตศาสตร์ พสวท
ค21202,คณิตศาสาตร์เพิ่มเติม
MA21102,Basic Mathematics
ส22103,สังคมศึกษา
ส32104,ประวัติศาสตร์
ส32103,สังคมศึกษา
ค31102,คณิตศาสตร์พื้นฐาน
ค31202,คณิตศาสตร์เพิ่มเติม
ค21102,คณิตศาสตร์พื้นฐาน
ส21104,ประวัติศาสตร์
ส22104,ประวัติศาสตร์
ค32202,คณิตศาสตร์เพิ่มเติม
ส32202,การปกครองท้องถิ่น
ท22102,ภาษาไทยพื้นฐาน
ท21102,ภาษาไทยพื้นฐาน
ท32203,ประวัติวรรณคดี2
ท21202,เสริมทักษะภาษาไทย
ท31206,การอ่านพิจารณา
อ31102,อังกฤษพื้นฐาน
อ21206,ภาษาอังกฤษเพิ่มเติม
อ32204,ภาษาอังกฤษอ่าน-เขียน
อ31208,ภาษาอังกฤษฟังพูด
อ22204,อังกฤษการสื่อสาร
อ31206,อังกฤษเทคโนโลยี
อ21102,อังกฤษพื้นฐาน
อ22202,อังกฤษอ่าน-เขียน
อ31205,อังกฤษรอบรู้
อ21204,อังกฤษฟังพูด
อ32206,ภาษาอังกฤษเทคโนโลยี
จ21206,ภาษาจีน
จ31202,ภาษาจีน
จ31204,ภาษาจีนอ่าน-เขียน
อ21202,อังกฤษอ่านเขียน
ฝ31202,ภาษาฝรั่งเศส
อ31204,อังกฤษอ่าน-เขียน
ง20217,ธุรกิจชีวิตประจำวัน
ง30217,ธุรกิจเบื้องต้น
ส21203,อาเซียนศึกษา
ค. เสริม,คณิตศาสตร์เสริม
ท22202,การเขียนเชิงวิชาการ
จ22204,ภาษาจีน
จ21204,ภาษาจีน
ง20220,การปลูกพืชผักสวนครัว
จ32206,ภาษาจีน
จ32205,ภาษาจีน
OT20215,microbox
SC21103,intro computer
EN32206,Eng technology
eng club,ชุมนุม
EN22102,English
MA22102,basic math
EN22204,speak-writing
SC22102,science
EN23204,eng education
EN31206,ENG tecno
อ22206,festival eng
EN31208,intensive eng
EN33206,eng techno
ค31104,คณิต ศิลปคำนวน
ค32104,คณิตเพิ่มเติม
ค31106,คณิตพื้นฐาน
ศ30201,ศิลปะเพิ่มเติม
ว30250,ชีววิทยา
ว30142,ชีววทยา
ว21103,วิทยาการคำนวณ
ค21206,คณิต
ง30205,งานประดิษฐ์อย่างไทย
พ30201,กีฬาไทย(เพิ่มเติม)
พ23104,บาสเกตบอล
อ33205,ภาษาอังกฤษรอบรู้
พ32203,วอลเลย์บอล
ท30202,ศิลปะการเขียน
ท20202,สร้างสรรค์งานเขียน
ว30228,เคมี
จ32204,ภาษาจีน
จ32203,ภาษาจีน
จ33203,ภาษาจีน
MA22203,Intensive math
MA23101,basic math
SC23213,Fuel for tranport
SC22212,Science
ชุมนุม ว.,ชุมนุมวิทย์
ว30181,วิทยาการคำนาณ
Eng Club,Club
ว22103,วิทยาการคำนวณ
HE23103,้Healty
ว30182,วิทยาการคำนวณ
ว30262,โลกดาราศาสตร์
อ22205,Food and wel
อ23207,ENG throunh mult
EN22101,BASIC ENG
อ23205,my journey
ท20203,อ่านตาม piza
อ22207,ENG อ่าน-เชียน
EN23101,English
ค31103,คณิตศาสตร์พื้นฐาน
SC22103,Com Sci
OT23102,Com project
ท30201,คีตวรรณกรรม
ท20201,ไทยเพื่อการสื่อสาร
ท30203,ประวัติวรรณคดี
ง30206,งานประดิษฐ์
จ31206,ภาษาจีน
ง30101,การงานอาชีพ
ว30207,โลกดาราศาสตร์
ว30263,โลกดาราศาสตร์
SC22213,Science
SC23214,Science
SC21214,science
พ30202,พละ (เสริม)
ว20205,Ipst-Microbox
ว20203,การโปรแกรมเบื้องต้น
ว20204,การออบแบบเทคโนโลยี
SC20204,Design tech
ว30284,การออกแบบและเทคโนโลย
SC20206,Design tech
OT20216,Design tech
ว30283,การตัดต่อภาพยนต์
ว20206,การออกแบบและเทคโนโลย
จ33204,ภาษาจีน
R33104,แบดมินตัน
พ33104,แบดมินตัน
MA23102,basic math
MA22204,Intensive math
MA21202,Intensive Mathematic
อ23206,eng for fight
อ23208,Eng
EN23102,ENG
อ22108,ENG
อ22208,ENG
ท30204,คติชนวิทยา
จ31207,ภาษาจีน
ค21203,คณิตศาสาตร์เพิ่มเติม
MA21203,Mathematic
ศ30203,ดนตรีสากลเพิ่มเติม
ท30205,ภาษาวิเคราะห์เชื่อมฯ
ชุมนุม จ.,ชุมนุมจีน
ส21201,ท้องถิ่นของเรา
MA23201,Intensive math
SC21215,Scientific Toys
SC23216,Fuel for tranport
SC23103,com sci
ว23103,วิทยาการคำนวณ
ว21104,วิทยาการคำนวณ MEP
ว22104,วิทยาการคำนวณ MEP
ว23104,วิทยาการคำนวณ MEP
ค21205,คณิตศาสาตร์เพิ่ม MEP
ค22205,คณิตศาสาตร์เพิ่ม MEP
ค23203,คณิตศาสาตร์เพิ่ม MEP
ว21215,ของเล่นเชิงวิทย์ MEP
ว23215,เชื้อเพลิงฯ MEP
ว30264,โลกดาราศาสตร์
ง20203,การปลูกไม้ดอกประดับ
ง30220,งานผลิตภัณฑ์ฯ
ง20221,การจัดดอกไม้
ว23216,พลังงานทดแทนMEP
ว20207,การออกแบบและเทคโนโลย
ท30206,ภาษาไทยเพื่อกิจธุระ
ว22211,โครงงานวิทย์ 2
MA22206,Intensive math
ศ30212,ทักษะปฏิบัติฯ
ศ30204,ดนตรีสากลเพิ่มเติม
ว30261,โลกดาราศาสตร์
ค33203,คณิตศาสตร์เพิ่มเติม
ชุมนุม อ.,ชุมนุมอังกฤษ
ว30286,การใช้โปรแกรมประยุกต
ค22206,คณิตศาสาตร์เพิ่ม MEP
ค23204,คณิตศาสาตร์เพิ่ม MEP
ว21216,Theory of Knowledge
Sci Club,CLUB
ว20208,การออกแบบ Mep
ว20209,การออกแบบ Mep
ว20210,การออกแบบ Mep
ชุมนุม ค.,ชุมนุมคณิต
ชุมนุม ท.,ชุมนุมไทย
อ. เสริม,ภาษาอังกฤษเสริม
ชุมนุม ส.,ชุมนุมสังคม
ชุมนุม ว,วิชาการ
จ30202,จีน
จ30203,การสนทนาภาษาจีนธุรกจ
ว30271,การสร้างตัวละคร 3D
EN21207,สัทศาสตร์ 1
ว31202,การสร้างเว็ปไซต์
อ31209,ภาษาอังกฤษฟังพูด
อ30204,อังกฤษนิทาน
EN23207,อังกฤษผ่านสื่อมัลติ
อ20205,อังกฤษการสื่อสาร
อ30203,ภาษาอังกฤษธุรกิจ
อ30212,อังกฤษสร้างสรรค์
EN21205,จินตภาษา
HE22101,สุขศึกษา
EN23205,การเดินทาง
อ20201,การออกแสียง
อ322209,อังกฤษฟังพูด
อ32209,อังกฤษฟังพูด
ว21217,ของเล่นวิทย์ mep
ว23217,พลังงานทดแทนMEP
อ20203,เพื่อสันทนาการ
ง30222,ธุรกิจบริการ
อ30201,อังกฤษ เข้มข้น
ว22210,โครงงานวิทย์
ว22214,โครงงาน MEP
ว31201,IOT
อ30206,eng for fight
อ30205,eng เข้ม
ช.วิชาการ,ชุมนุม
อ30207,โครงสร้างภาษา
อ21210,สัทศาสตร์
อ30208,eng นิทาน
อ20206,สื่อสาร 2
อ20202,ออกเสียง 2
อ30216,อังกฤษสร้างสรรค์
อ21209,สำหรับท่องเที่ยว
ว21218,สืบเสาะ วิทย์
ว22215,โครงงาน MEP
ว23218,พลังงานทดแทนMEP
อ20204,เพื่อสันทนาการ  2
จ30204,จีนพื้นฐาน
ง20208,งานประดิษฐ์ของชำร่วย
พ32104,บาสเกตบอล
ว30272,Internat of thing
ว20211,การออกแบบเทคโนโลยี
ว31203,การออกแบบและพัฒนาเกม
ว31103,การตัดต่อภาพยนต์
จ30206,จีนธุรกิจ
จ30205,จีนเพิ่มเติม
ชุมนุม ม.,ชุมนุมม.ปลาย
ช.ม,ชุมนุมม.ต้น
จ30208,จีนเพิ่มเติม
จ30207,ภาษาจีนพื้นฐาน 3
จ30201,จีน
จ30209,จีน
อ30211,การสื่อสารและวัฒนธรร
ส30201,มัคคุเทศก์เรียนเทียว
อ30210,การโรงแรม
อ30209,อังกฤษเข้มข้น
I30203,IS
ว32203,การสร้างแอพพลิเคชัน
ค30201,เศษฐศาสตร์วิศวะ
MA21206,Math
MA23204,Math
SC21218,sci
SC23218,sci
EN22206,Eng
EN21210,eng
อ31210,eng
EN23208,eng
EN22208,ENG
HE21102,Health Education
อ32210,อังกฤษฟัง พูด
EN21209,ENG
HE22103,Health Education
EN23206,ENG
ว32204,เครื่อข่าย
ว30273,หุ่นยนต์เบื้องต้น
I30204,โครงงานคอม 5/4
ว30251,กายวิภาค
จ21202,ภาษาจีน
จ30211,จีน
อ30213,อังกฤษเข้มข้น4
ศ30214,ศิลปะเพิ่มเติม
อ30215,อังกฤษนิทรรศการ
อ30214,Ready for take off
จ30212,การสนทนาจีนธุรกิจ4
จ30210,จีน
ห้องสมุด,ห้องสมุด
ว33201,การเขียนโปรแกรม
อ30226,ภาษาอังกฤษ-สื่อสาร
ว33202,มัลติมีเดียและอนิเมช
ท30207,เบญจภาษาศิลป์
ว30274,ความรู้เบื้องต้นวิศว
ว32205,โปรมแกรมสมมิติ
ว33203,โปรมแกรมพื้นฐาน
อ30218,ภาษาอังกฤษในเชิงธุรก
ว30230,ชีวเคมี
ค32203,คณิตศาสตร์เพิ่มเติม
จ30213,ภาษาจีนพื้นฐาน5
จ30214,ภาษาจีนเพื่องานฯ
EN22207,ภาษาอังกฤษฟังพูด
EN21203,อ่าน-เขียน
EN33209,ฟังพูด
ศ30213,ศิลปะเพิ่มเติม
MA21205,Mathematic
MA22205,Mathematic
MA23203,Mathematic
EN30204,eng
EN21101,eng
EN22205,Eng
HE23101,Health Education
ว21219,วิทย์
ว22216,วิทย์
ว23219,วิทย์
ง30223,การโนรงแรม
ค31203,คณิตศาสตร์เพิ่มเติม
อ30219,อังกฤษระดับสูง
อ30217,อังกฤษระดับสูง
ว21222,วิทย์พลังสิบ
I30213,โครงงานอาชีพ1
ว21220,วิทย์MEP
ว30252,ชีววิทยา
ค33206,คณิตศาสตร์เพิ่มเติม2
ส30203,ประเทศไทยของเรา
ค32204,คณิตศาสตร์เพิ่มเติม2
ว22217,Basic Science 4 MEP
ว23220,ฺBasic Science 6 MEP
อ33210,อังกฤษฟังพูด
อ30220,ภาษาอังกฤษเข้มข้น 6
อ30221,Fly Me to Sky
ค31204,คณิตศาสตร์เพิ่มเติม2
อ30222,อังกฤษท่องเที่ยว
อ30224,ภาษาอังกฤษ CEFR2
I30211,โครงงานจีน
I30209,โครงงานอังกฤษ 1
จ30215,ภาษาจีนพื้นฐาน 6
จ30216,ภาษาจีนบริการ2
ว30231,เคมี
อ30231,ภาษาอังกฤษ-สื่อสาร
ว30275,การเขียนโปรแกรม
ว30277,ฐานข้อมูล
จ30217,ภาษาจีนพื้นฐาน1
I 30216,Is
I30212,โครงงานจีน 2
ว20212,ของเล่นวิทยาศาสตร์เช
I30210,โครงงานอังกฤษ 2
ง30225,ศิลปะประดิษฐ์งานไทย
อ33209,อังกฤษฟังพูด
อ30223,ภาษาอังกฤษตามมาตรฐาน
ส30202,ภูมิศาสตร์ท่องเทียว
จ30218,วัฒนธรรมจีน 1
ค21207,คณิต
อ30227,ทักษะเพื่อการสื่อสาร
ชุมนุมPIS,ชุมนุมPISAคณิต
อ30228,ภาษาอังกฤษเพื่ออาชีพ
ส21204,การป้องการทุจริต
จ30220,วัฒนธรรมจีน 2
ค20202,คณิตศาสตร์เพิ่มพูนsm
ค21208,คณิตเพิ่มSMTE
ค21204,คณิตศาสตร์เพิ่มเติม
ว20213,ว.สุขภาพ
ว30232,เคมีอินทรีย์
จ30222,วัฒนธรรมจีน 3
ค22201,คณิตศาสตร์เพิ่มเติม
ค20204,Math in Real Life
ง20222,การใช้ห้องสมุด
ค20203,คณิตศาสตร์เพิ่มพูนSM
ส30204,ใครอยากเป็นเศรษฐี
ง30226,งานหัตถศิลป์
อ22209,อัังกฤษอ่านเขียนMEP
จ30221,จีน
ส23202,การป้องกันการทุจริต
ส32204,การป้องกันการทุจริต
ส33205,การป้องกันการทุจริต
ค22202,คณิตเพิ่มเติม
ส30205,การรักษาผลประโยชน์
ค22207,คณิตศาสตร์เพิ่มเติม
จ30219,ภาษาจีนพื้นฐาน2
ค30298,โครงงานคณิตศาสตร์1
ว20215,วิทยาศาสตร์(โครงงาน2
ส22203,การป้องกันการทุจริต
I30205,โครงงานเชิงวิศวะ
จ30223,วัฒนธรรมจีน4
i30207,โครงงานวิทย์
ง30227,อาหารและเครื่องดื่ม
ง30224,ธุรกิจการจัดดอกไม้
ว22219,Robotics
i30205,โคร่งานวิทย์
ศ30215,การเขียนภาพประกอบ
ว20216,นวัตกรน้อย
ส31205,...
ค20205,คณิตศาสตร์
ว20214,วิทยาศาสตร์โลกทั้งระ
ว30287,ดิจิตอลอาร์ต
ส32203,การป้องกันการทุจริต
ส33204,การป้องกันการทุจริต
ง20205,ประดิษฐ์จากวัสดุท้อง
อ20207,โครงงานคณิต 1 MEP
ส31206,จิตปัญญาศึกษา
ค23205,คณิตศาสตร์เพิ่มเติม
ว22203,วิทยาการคำนวณ
ว20217,ฟิสิกส์1
ว20221,ชีววิทยา1
